file,player,build,Pylon 1,Pylon 2,Pylon 3,Pylon 4,Pylon 5,Gateway 1,Gateway 2,Gateway 3,Gateway 4,Gateway 5,Assimilator 1,Assimilator 2,Stargate 1,Stargate 2,Stargate 3,Stargate 4,Stargate 5,Forge 1,Citadel of Adun,Robotics Facility,Templar Archives,Robotics Support Bay,Photon Cannon 1,Photon Cannon 2,Photon Cannon 3,Photon Cannon 4,Photon Cannon 5,Observatory,Fleet Beacon,Arbiter Tribunal,Nexus 1,Nexus 2
-8hrEbfZnuvzzijadB5dCPslUDkR_Xg1tW41Ne--azc.rep,EastHampton,,1184,3025,4134,5968,-1,1809,2387,4935,-1,-1,3578,-1,-1,-1,-1,-1,-1,6549,-1,-1,-1,-1,-1,-1,-1,-1,-1,-1,-1,-1,-1,-1
-8hrEbfZnuvzzijadB5dCPslUDkR_Xg1tW41Ne--azc.rep,Death__yell,,953,963,2678,4246,5289,1742,2317,-1,-1,-1,3812,-1,-1,-1,-1,-1,-1,-1,-1,-1,-1,-1,-1,-1,-1,-1,-1,-1,-1,-1,-1,-1
-9fLlv91gu_tCAA4Mlk7twltqR-1eKs0pm0_-L9yK98.rep,Hyyr,,1152,3076,4621,5512,-1,1911,2709,7119,-1,-1,3847,-1,-1,-1,-1,-1,-1,-1,-1,-1,-1,-1,-1,-1,-1,-1,-1,-1,-1,-1,-1,-1
-9fLlv91gu_tCAA4Mlk7twltqR-1eKs0pm0_-L9yK98.rep,[iccup]DaDDy,,1247,3070,4549,5961,-1,1844,2417,5665,-1,-1,3847,-1,-1,-1,-1,-1,-1,-1,-1,-1,-1,-1,-1,-1,-1,-1,-1,-1,-1,-1,-1,-1
-rQyDjMJFow4HKS0_pAqAImFwAU-Y8UTrVFv_6xqQac.rep,testie123,,1145,3181,6332,-1,-1,1914,2700,2714,-1,-1,4018,-1,-1,-1,-1,-1,-1,-1,-1,-1,-1,-1,-1,-1,-1,-1,-1,-1,-1,-1,6449,-1
0ZVN1NI6gPEl4JqvrtYqvfln_rM9Pprouet3bH9_zpo.rep,Spicy,,1161,2991,4780,5987,-1,1814,2446,-1,-1,-1,4608,-1,-1,-1,-1,-1,-1,-1,-1,-1,-1,-1,-1,-1,-1,-1,-1,-1,-1,-1,-1,-1
1sG0xU9wDb5WfSKR8T2YTRBgcFsAf_uLhSJFlRdMy_k.rep,Gandalfin,,1140,2740,2822,6252,6601,2142,-1,-1,-1,-1,1770,-1,4758,-1,-1,-1,-1,4563,-1,-1,-1,-1,5293,-1,-1,-1,-1,-1,-1,-1,-1,-1
2JnC6qM__fd5_FfHiQXfPISv38k_87rG0IARKzacMGc.rep,Death_Yell,,1153,3455,5994,-1,-1,1764,6946,-1,-1,-1,2276,-1,-1,-1,-1,-1,-1,-1,-1,-1,-1,-1,-1,-1,-1,-1,-1,-1,-1,-1,-1,-1
2wjS6LJHJD5prrdsBkNLVeK42HZGidyBaOmqJEBtBNM.rep,EastHampton,,1145,2831,3486,3979,4692,1676,2487,-1,-1,-1,6776,-1,-1,-1,-1,-1,-1,5042,-1,-1,-1,-1,6015,6083,-1,-1,-1,-1,-1,-1,-1,-1
2wjS6LJHJD5prrdsBkNLVeK42HZGidyBaOmqJEBtBNM.rep,St0ry,,1320,3107,4236,5964,-1,1890,3670,3850,-1,-1,2285,-1,-1,-1,-1,-1,-1,-1,-1,-1,-1,-1,-1,-1,-1,-1,-1,-1,-1,-1,-1,-1
4JcGqEDC5bvaGFdnAJ7TUa8LMr-OUWVHLnNBq0YlQjo.rep,Polarity[BGN],,1247,3383,5524,-1,-1,1906,3975,-1,-1,-1,2303,-1,-1,-1,-1,-1,-1,5035,-1,-1,-1,-1,5942,6078,6651,-1,-1,-1,-1,-1,5368,-1
4JcGqEDC5bvaGFdnAJ7TUa8LMr-OUWVHLnNBq0YlQjo.rep,FBS,,1298,3691,5810,6307,-1,1912,4742,6462,-1,-1,2263,-1,-1,-1,-1,-1,-1,6417,-1,-1,-1,-1,-1,-1,-1,-1,-1,-1,-1,-1,-1,-1
6FAr23aL3aaD9dJfA2bbk5Qyk_a_BVZ8plW7gHYAex8.rep,kevinfromquincy,,1173,2874,-1,-1,-1,1898,2426,-1,-1,-1,-1,-1,-1,-1,-1,-1,-1,-1,-1,-1,-1,-1,-1,-1,-1,-1,-1,-1,-1,-1,-1,-1
6ZZQiwP2ZVq3TSXjOmFX_uHGNw8Sr-OKO4iIN6vk_xg.rep,iCe,,1138,2925,3863,5600,-1,1773,2363,-1,-1,-1,6893,-1,-1,-1,-1,-1,-1,4442,-1,-1,-1,-1,5245,5260,5792,6153,6233,-1,-1,-1,-1,-1
85X_frQTRWejyKFBL1QcAJwmTuB5JN2GaEYVt49SZks.rep,벌쳐너무약해요,,1241,4148,-1,-1,-1,3261,5369,5386,6172,-1,4988,-1,-1,-1,-1,-1,-1,1892,-1,-1,-1,-1,2602,6348,-1,-1,-1,-1,-1,-1,3903,-1
85X_frQTRWejyKFBL1QcAJwmTuB5JN2GaEYVt49SZks.rep,ETA,,1195,3679,5048,6677,6731,2020,4608,-1,-1,-1,2450,-1,-1,-1,-1,-1,-1,-1,-1,-1,-1,-1,-1,-1,-1,-1,-1,-1,-1,-1,-1,-1
8_rP7-al61yTq0bLUre_v5jQKHzqNpHUZdah3aU1ohA.rep,EastHampton,,1222,3032,3928,4467,5178,1841,2509,6619,-1,-1,4617,4653,-1,-1,-1,-1,-1,4821,-1,-1,-1,-1,5721,5736,6934,6969,-1,-1,-1,-1,-1,-1
AwwpJ5WoagluYnRGH9PUjlvn01WSpQf9qYu8uhoKCk8.rep,iCe,,1169,2953,4838,5134,-1,1810,2418,-1,-1,-1,5554,-1,-1,-1,-1,-1,-1,5498,-1,-1,-1,-1,6255,6272,6345,6840,7072,-1,-1,-1,-1,-1
BiHHTjpbhtWZ_Tb-gGdIrNYg-9kO1SJIFa7ZIDg2CBY.rep,SpaceDominator,,1206,3186,5367,6174,-1,2108,4075,4162,5836,-1,2512,-1,4987,-1,-1,-1,-1,-1,-1,-1,-1,-1,-1,-1,-1,-1,-1,-1,-1,-1,-1,-1
BiHHTjpbhtWZ_Tb-gGdIrNYg-9kO1SJIFa7ZIDg2CBY.rep,FBS,,1194,3496,3533,4722,6296,1859,4097,6672,-1,-1,2434,-1,-1,-1,-1,-1,-1,5801,-1,-1,-1,-1,-1,-1,-1,-1,-1,-1,-1,-1,-1,-1
BiHHTjpbhtWZ_Tb-gGdIrNYg-9kO1SJIFa7ZIDg2CBY.rep,KilahAce,,1191,3530,4188,5238,6325,2028,3923,-1,-1,-1,2374,-1,-1,-1,-1,-1,-1,-1,-1,-1,-1,-1,-1,-1,-1,-1,-1,-1,-1,-1,-1,-1
BopJ4Xur6em9KNXCTpmNOhoVsLZU8wPfDozbL69LSTE.rep,ETA,,1207,3532,5273,6585,-1,1786,4737,4851,-1,-1,2099,-1,-1,-1,-1,-1,-1,-1,-1,-1,-1,-1,-1,-1,-1,-1,-1,-1,-1,-1,-1,-1
BopJ4Xur6em9KNXCTpmNOhoVsLZU8wPfDozbL69LSTE.rep,obj,,905,3955,-1,-1,-1,1603,2248,-1,-1,-1,-1,-1,-1,-1,-1,-1,-1,-1,-1,-1,-1,-1,-1,-1,-1,-1,-1,-1,-1,-1,-1,-1
bRmrYAM5Vsn93T2AXX8mUEbP1G1H2nlDyERPw7HLiRk.rep,Zelias[bo],,1172,3003,3872,6105,-1,1822,2455,-1,-1,-1,6685,-1,-1,-1,-1,-1,-1,4591,-1,-1,-1,-1,5320,5568,6449,6949,-1,-1,-1,-1,-1,-1
c9i7YTLqtu9td5AYzaW16QjEXu3tz4HPWlM7mB3c6ek.rep,Cwt)Massprobe,,1127,2911,3626,6563,-1,1994,2375,-1,-1,-1,4344,-1,-1,-1,-1,-1,-1,-1,-1,-1,-1,-1,-1,-1,-1,-1,-1,-1,-1,-1,-1,-1
c9i7YTLqtu9td5AYzaW16QjEXu3tz4HPWlM7mB3c6ek.rep,Gandalfin,,1144,2947,3830,5386,6496,1814,2402,2409,4624,-1,6412,-1,-1,-1,-1,-1,-1,-1,-1,-1,-1,-1,-1,-1,-1,-1,-1,-1,-1,-1,-1,-1
cW-TqDIWILtmosTxUqP5MGGmyfhl8Cw8G4RwlrYshv4.rep,Hyyr,,1166,3032,4383,5993,6011,1904,2511,-1,-1,-1,3828,-1,-1,-1,-1,-1,-1,-1,-1,-1,-1,-1,-1,-1,-1,-1,-1,-1,-1,-1,-1,-1
cW-TqDIWILtmosTxUqP5MGGmyfhl8Cw8G4RwlrYshv4.rep,Nc[Sanchez],,1151,2695,3841,4003,6063,1846,1871,2399,-1,-1,4340,-1,6664,-1,-1,-1,-1,6086,-1,-1,-1,-1,-1,-1,-1,-1,-1,-1,-1,-1,-1,-1
cW85p_8vswW2JIa5YRAQWnOkZnKdIVCDv4-UEVFtBNA.rep,커닝시티도적,,886,3756,-1,-1,-1,1604,2372,-1,-1,-1,3984,-1,-1,-1,-1,-1,-1,-1,-1,-1,-1,-1,-1,-1,-1,-1,-1,-1,-1,-1,-1,-1
D5lgmnnZChrldQSUjdNUcBnXnFWoxDNspAn_ZuZ5IFM.rep,iCe,,1155,2822,3647,5519,-1,1766,2368,-1,-1,-1,6352,-1,-1,-1,-1,-1,-1,6400,-1,-1,-1,-1,-1,-1,-1,-1,-1,-1,-1,-1,-1,-1
dnXQicAQStsmI0NvUlr_G_peeHtPUtLkZpF7-jSAKxQ.rep,TommyAd0(,,1341,3214,4619,-1,-1,1999,2477,-1,-1,-1,-1,-1,-1,-1,-1,-1,-1,4122,-1,-1,-1,-1,5248,5583,5704,-1,-1,-1,-1,-1,-1,-1
DtYzB5Is_Obh20B_wQU7f6rgmwUOUdTuXtfpUY7n0E0.rep,nCs,,1129,3123,4889,-1,-1,1763,2579,3997,-1,-1,2154,-1,-1,-1,-1,-1,-1,5442,-1,-1,-1,-1,6202,6791,-1,-1,-1,-1,-1,-1,-1,-1
DtYzB5Is_Obh20B_wQU7f6rgmwUOUdTuXtfpUY7n0E0.rep,OnlyHope,,1208,2865,4067,5388,6644,1881,2716,3530,-1,-1,-1,-1,-1,-1,-1,-1,-1,6342,-1,-1,-1,-1,-1,-1,-1,-1,-1,-1,-1,-1,-1,-1
duoRbjAGxKrPveTYiyL32Zd48DDEyYVnPh1bI2d3g9s.rep,Gandalfin,,1114,3240,3935,4142,4875,1785,2395,2453,2465,4241,5164,-1,-1,-1,-1,-1,-1,-1,-1,-1,-1,-1,-1,-1,-1,-1,-1,-1,-1,-1,-1,-1
eA6UQhEniZUVXJmWIKYjgBW3pGuQD4QXXYDZqb5Ya5M.rep,restel,,1191,3018,4250,5453,-1,1869,2516,7012,-1,-1,3845,-1,-1,-1,-1,-1,-1,6732,-1,-1,-1,-1,-1,-1,-1,-1,-1,-1,-1,-1,-1,-1
EHwiGjLLEsXUcTsqwa8ql0OEuDTr67c0FhkEWWhEO8g.rep,LargeWOK,,1188,2993,4165,6099,-1,1849,2467,-1,-1,-1,4392,-1,6328,-1,-1,-1,-1,-1,-1,-1,-1,-1,-1,-1,-1,-1,-1,-1,-1,-1,-1,-1
Em5riK65_OlqNOPCnXm_ZHTcXXkBGmjKmwdEl4UM1KI.rep,MrClean,,1172,3063,3843,6874,-1,1832,2460,-1,-1,-1,4560,-1,-1,-1,-1,-1,-1,5421,-1,-1,-1,-1,-1,-1,-1,-1,-1,-1,-1,-1,-1,-1
eRrUGYWqkGYduUGxBPhsQakYCl9ykH6vvXKmawlE_WU.rep,bananatQ,,1121,2878,4292,5017,6430,1761,2331,3737,-1,-1,5990,-1,-1,-1,-1,-1,-1,5886,-1,-1,-1,-1,-1,-1,-1,-1,-1,-1,-1,-1,-1,-1
eVLdwky-9qhNGi_1CcA_DpDrmkF-EGoRHxPRHAcb2TM.rep,벌쳐너무약해요,,1228,3916,4499,5200,-1,4286,-1,-1,-1,-1,6098,-1,-1,-1,-1,-1,-1,1911,-1,-1,-1,-1,2809,4759,5739,5833,-1,-1,-1,-1,3736,-1
eVLdwky-9qhNGi_1CcA_DpDrmkF-EGoRHxPRHAcb2TM.rep,매너있는사람,,1074,3938,6005,-1,-1,1753,-1,-1,-1,-1,2612,3560,6442,-1,-1,-1,-1,3295,-1,-1,-1,-1,4310,4728,6833,-1,-1,-1,-1,-1,-1,-1
f23ObAs1CdnBGAXIqRGuF3zaBWa_rP19SMu29u5eOvQ.rep,Chrone[MB],,1542,3260,3515,5559,5956,2093,2739,-1,-1,-1,5105,-1,-1,-1,-1,-1,-1,4219,-1,-1,-1,-1,5008,-1,-1,-1,-1,-1,-1,-1,-1,-1
f23ObAs1CdnBGAXIqRGuF3zaBWa_rP19SMu29u5eOvQ.rep,Cwt)Wave,,1181,2870,3685,6248,6355,1724,2426,-1,-1,-1,4906,-1,-1,-1,-1,-1,-1,-1,-1,-1,-1,-1,-1,-1,-1,-1,-1,-1,-1,-1,-1,-1
faEeKPUd3ALwbNA39lKvqKn-Gm0C2gfIXwtnQ7yBv6I.rep,Spicy,,1181,3028,6045,6133,-1,1826,2357,4174,-1,-1,5105,-1,-1,-1,-1,-1,-1,-1,-1,-1,-1,-1,-1,-1,-1,-1,-1,-1,-1,-1,7050,-1
FNbpVtkAbpE3c9zbYgL0h6WG2itmQU6OVK4JJ85jgyU.rep,wbf,,1140,2693,3925,5037,5990,1824,2477,6961,-1,-1,-1,-1,-1,-1,-1,-1,-1,6457,-1,-1,-1,-1,-1,-1,-1,-1,-1,-1,-1,-1,5765,-1
FNbpVtkAbpE3c9zbYgL0h6WG2itmQU6OVK4JJ85jgyU.rep,RisedByWolves,,1110,1118,3095,3891,6155,1827,2475,-1,-1,-1,4741,-1,-1,-1,-1,-1,-1,6534,-1,-1,-1,-1,-1,-1,-1,-1,-1,-1,-1,-1,-1,-1
FNbpVtkAbpE3c9zbYgL0h6WG2itmQU6OVK4JJ85jgyU.rep,Cwt)Massprobe,,1159,2690,3013,4341,5986,1834,-1,-1,-1,-1,2217,2629,6624,-1,-1,-1,-1,6772,-1,-1,-1,-1,-1,-1,-1,-1,-1,-1,-1,-1,-1,-1
gDDZl9IgNFgAEA0l3U4LdFR4yrmvmxygWn4B-a8j6og.rep,RisedByWolves,,1142,3107,3124,4314,-1,1715,2326,-1,-1,-1,4547,-1,-1,-1,-1,-1,-1,6320,-1,-1,-1,-1,-1,-1,-1,-1,-1,-1,-1,-1,-1,-1
GsCS5VIrJEK_uNufSEVmly4jyLllFKZYjcVnqrgJTHY.rep,비두로기,,1270,3227,5218,-1,-1,1918,2727,-1,-1,-1,6024,-1,-1,-1,-1,-1,-1,4682,-1,-1,-1,-1,6316,-1,-1,-1,-1,-1,-1,-1,-1,-1
GsCS5VIrJEK_uNufSEVmly4jyLllFKZYjcVnqrgJTHY.rep,커닝시티도적,,968,5815,-1,-1,-1,2567,-1,-1,-1,-1,4711,6458,-1,-1,-1,-1,-1,1757,-1,-1,-1,-1,2525,3143,4067,-1,-1,-1,-1,-1,5476,-1
HEj_QWy6vlnGoyisOrwrfZ5kGoXqJioOIHP_2rTLOW0.rep,IlIIIIlllllIIII,,1239,3333,4076,5789,-1,1997,2657,-1,-1,-1,3807,-1,-1,-1,-1,-1,-1,-1,-1,-1,-1,-1,-1,-1,-1,-1,-1,-1,-1,-1,-1,-1
Heqjk7T97-AcCSzS8WQnOuqZ4wFhwhSd1f9oG9yq7w0.rep,Pascu1,,1146,3439,3780,4881,-1,2658,2737,-1,-1,-1,2198,-1,-1,-1,-1,-1,-1,4750,-1,-1,-1,-1,5720,5740,6427,6897,7116,-1,-1,-1,-1,-1
hJl7Sa9UEJx99Y4AN5297DnSaPXPC9EhgatyS1_oGUc.rep,비두로기,,1281,3428,5584,5629,-1,2234,2715,-1,-1,-1,-1,-1,-1,-1,-1,-1,-1,2007,-1,-1,-1,-1,-1,-1,-1,-1,-1,-1,-1,-1,-1,-1
hJl7Sa9UEJx99Y4AN5297DnSaPXPC9EhgatyS1_oGUc.rep,코카콜라맛있다,,999,3117,4304,6404,-1,1659,2279,-1,-1,-1,5061,5149,-1,-1,-1,-1,-1,6164,-1,-1,-1,-1,-1,-1,-1,-1,-1,-1,-1,-1,-1,-1
I0vJUFmUbM_5MOL_h7qaZcW2lHLF6BsAq12BTgbne4A.rep,Hyyr,,1175,3545,4981,6698,-1,1736,-1,-1,-1,-1,2179,-1,4127,5698,-1,-1,-1,-1,-1,-1,-1,-1,-1,-1,-1,-1,-1,-1,-1,-1,-1,-1
i63LjnOq6MUC7UaN_ATc6kfqlqHcN879x3MHaRHPme4.rep,Spicy,,1161,2981,3824,4016,6733,1826,2447,4427,4487,5043,7056,-1,-1,-1,-1,-1,-1,5108,-1,-1,-1,-1,-1,-1,-1,-1,-1,-1,-1,-1,-1,-1
IhT8Ho8HHGNLH8oHLt-IhfYw5E1KnHNqVTwvytp0ziw.rep,LK99 플토,,1377,-1,-1,-1,-1,2437,-1,-1,-1,-1,-1,-1,-1,-1,-1,-1,-1,1938,-1,-1,-1,-1,3147,-1,-1,-1,-1,-1,-1,-1,3991,-1
IqN0I1Uw2qDHYRv8766ZY4CHuiSKi5Wt2ydExCzfCeg.rep,두유노핑프,,917,3405,3915,5679,6993,1642,2371,2518,-1,-1,4702,-1,-1,-1,-1,-1,-1,6509,-1,-1,-1,-1,-1,-1,-1,-1,-1,-1,-1,-1,-1,-1
IqN0I1Uw2qDHYRv8766ZY4CHuiSKi5Wt2ydExCzfCeg.rep,성역의문지기,,1396,3450,-1,-1,-1,1971,6397,-1,-1,-1,2477,-1,-1,-1,-1,-1,-1,4255,-1,-1,-1,-1,5066,5629,-1,-1,-1,-1,-1,-1,-1,-1
IQsI0TlPqbBPfSxwr-4-ob1ZXTLG2dAilQk4F1-67kU.rep,Panido,,1131,3244,4078,4353,5627,2074,2631,-1,-1,-1,4903,-1,6468,-1,-1,-1,-1,-1,-1,-1,-1,-1,-1,-1,-1,-1,-1,-1,-1,-1,-1,-1
IQsI0TlPqbBPfSxwr-4-ob1ZXTLG2dAilQk4F1-67kU.rep,Confusions,,1149,4052,5478,-1,-1,1760,2467,-1,-1,-1,2719,-1,-1,-1,-1,-1,-1,-1,-1,-1,-1,-1,-1,-1,-1,-1,-1,-1,-1,-1,-1,-1
IyqW78yjdygzbfGPI2Uw_wUtpStqqmjMlPbl0j1Y7vg.rep,Gandalfin,,1108,2865,4646,4674,7045,1840,-1,-1,-1,-1,2325,-1,5457,-1,-1,-1,-1,4942,-1,-1,-1,-1,5747,6378,-1,-1,-1,-1,-1,-1,-1,-1
keDGrEyCUxsG4TOFEKvwY3iYfCbR5HOnZGrr8J7Tggg.rep,EastHampton,,1227,3125,3790,-1,-1,1773,-1,-1,-1,-1,2241,-1,-1,-1,-1,-1,-1,4044,-1,-1,-1,-1,4770,5022,5474,5714,-1,-1,-1,-1,-1,-1
kkev1e5tYfEuuzMFqzKiIDoS0u0sCpj6sXdoIcz_Xcw.rep,EastHampton,,1184,2996,3897,5923,6483,1756,2348,-1,-1,-1,4386,-1,-1,-1,-1,-1,-1,4978,-1,-1,-1,-1,5801,6759,-1,-1,-1,-1,-1,-1,-1,-1
kQVDSyN-b9thHOUTiBYvpPxuBB2n73oYXZIcv2Vr4RY.rep,kOrN[C]reate,,1224,4132,6093,-1,-1,1838,-1,-1,-1,-1,2417,-1,-1,-1,-1,-1,-1,-1,-1,-1,-1,-1,-1,-1,-1,-1,-1,-1,-1,-1,-1,-1
kQVDSyN-b9thHOUTiBYvpPxuBB2n73oYXZIcv2Vr4RY.rep,--------------_,,1208,3056,4195,-1,-1,1787,2429,-1,-1,-1,5632,-1,-1,-1,-1,-1,-1,-1,-1,-1,-1,-1,-1,-1,-1,-1,-1,-1,-1,-1,-1,-1
kRs_tjbVCMbpr0nsT_XQI0CzTYS3g6Bn3HPoMhxOh_U.rep,[BWF]Sisqo,,1142,3057,5208,-1,-1,1750,-1,-1,-1,-1,3857,-1,-1,-1,-1,-1,-1,3369,-1,-1,-1,-1,4304,4773,6170,6380,6664,-1,-1,-1,-1,-1
lyo7XWtD1owfSyAWRBUR9fi0ZZjLEGvFUjT0LtXuxns.rep,richieha,,1111,1157,2944,3915,5822,1817,1823,1829,1855,2360,3747,-1,-1,-1,-1,-1,-1,6011,-1,-1,-1,-1,-1,-1,-1,-1,-1,-1,-1,-1,-1,-1
lyo7XWtD1owfSyAWRBUR9fi0ZZjLEGvFUjT0LtXuxns.rep,Gandalfin,,1139,1145,2939,2962,4264,1785,2423,5021,-1,-1,3658,-1,5766,-1,-1,-1,-1,-1,-1,-1,-1,-1,-1,-1,-1,-1,-1,-1,-1,-1,-1,-1
MclK_wrs-9L5IY7tKID_l4SXBXAbStQ9FU4g_uN9VlM.rep,SpaceDominator,,1572,4568,5953,-1,-1,5412,5681,-1,-1,-1,4912,6169,-1,-1,-1,-1,-1,2116,-1,-1,-1,-1,2973,3183,4779,6785,-1,-1,-1,-1,4178,-1
MclK_wrs-9L5IY7tKID_l4SXBXAbStQ9FU4g_uN9VlM.rep,FBS,,1144,3396,3912,5997,6309,1841,4755,-1,-1,-1,2396,-1,-1,-1,-1,-1,-1,-1,-1,-1,-1,-1,-1,-1,-1,-1,-1,-1,-1,-1,-1,-1
mlacZ7oxJfpebkEXrUaCv6xBU30VeN9h2uB-aIQZX_o.rep,성역의문지기,,1212,3424,4333,6657,-1,1762,2961,-1,-1,-1,2377,-1,-1,-1,-1,-1,-1,-1,-1,-1,-1,-1,-1,-1,-1,-1,-1,-1,-1,-1,-1,-1
mlacZ7oxJfpebkEXrUaCv6xBU30VeN9h2uB-aIQZX_o.rep,커닝시티도적,,1057,3545,5968,6877,-1,1656,4571,-1,-1,-1,2964,3091,-1,-1,-1,-1,-1,6163,-1,-1,-1,-1,-1,-1,-1,-1,-1,-1,-1,-1,-1,-1
nO2PgP5bdAaZYihnmaoqaAY8egDuUsTdRmCkn6d-kNU.rep,Spicy,,1225,4708,-1,-1,-1,3385,3593,5445,-1,-1,5166,-1,-1,-1,-1,-1,-1,1913,-1,-1,-1,-1,2820,4049,6450,7030,-1,-1,-1,-1,4157,-1
nO2PgP5bdAaZYihnmaoqaAY8egDuUsTdRmCkn6d-kNU.rep,매너있는사람,,1226,2765,4380,-1,-1,1837,2337,6503,-1,-1,3684,3752,-1,-1,-1,-1,-1,5224,-1,-1,-1,-1,6619,-1,-1,-1,-1,-1,-1,-1,-1,-1
NS7pyKOOlN1bCNz3x7tESYLHLw9FHHyZAPPq1FAgL6k.rep,Spicy,,1236,5219,7124,-1,-1,4090,6606,-1,-1,-1,5020,6024,-1,-1,-1,-1,-1,1950,-1,-1,-1,-1,2824,4356,4784,-1,-1,-1,-1,-1,3504,-1
Oa-DQddEpvLFBPkrZfoLRNbOif5VyI8-a1risZCNlYU.rep,벌쳐너무약해요,,1249,4908,4958,6921,-1,4474,5686,6715,-1,-1,5028,-1,-1,-1,-1,-1,-1,1891,-1,-1,-1,-1,2614,3523,3544,-1,-1,-1,-1,-1,3968,-1
Oa-DQddEpvLFBPkrZfoLRNbOif5VyI8-a1risZCNlYU.rep,Spicy,,1278,4183,-1,-1,-1,3894,4796,7056,-1,-1,5179,6071,6985,-1,-1,-1,-1,1975,-1,-1,-1,-1,2974,3026,-1,-1,-1,-1,-1,-1,3501,-1
oTcoA8EYJ_dz0G2C_4axnAu9vunMp6Zs4ANuq4Uayno.rep,Spicy,,1242,3037,3891,5663,6933,1904,2568,4945,-1,-1,6329,-1,-1,-1,-1,-1,-1,4849,-1,-1,-1,-1,6100,6163,-1,-1,-1,-1,-1,-1,-1,-1
pd7_bAQuuaNeqG-anWpzmq7xoz1wpj32pZhXhvtPxJI.rep,비두로기,,1311,2905,4319,6773,-1,3485,6144,-1,-1,-1,4414,-1,-1,-1,-1,-1,-1,1886,-1,-1,-1,-1,3022,-1,-1,-1,-1,-1,-1,-1,6227,-1
pd7_bAQuuaNeqG-anWpzmq7xoz1wpj32pZhXhvtPxJI.rep,Super Shy,,1276,4264,6686,6857,-1,3968,4859,-1,-1,-1,4955,6479,-1,-1,-1,-1,-1,1989,-1,-1,-1,-1,2960,-1,-1,-1,-1,-1,-1,-1,3463,-1
pOXcVdr7w9Ie-49qljFdJwUi9t8pM_pkNqh_lsfxhyA.rep,Spicy,,1232,4229,5263,5621,5646,3963,5186,6080,-1,-1,-1,-1,-1,-1,-1,-1,-1,1971,-1,-1,-1,-1,2941,6198,-1,-1,-1,-1,-1,-1,3533,-1
PqMUZVZCuXsCIHZjb79mOJg3Ypy9cpGLNf9QbgN-RqE.rep,LK99 플토,,1178,3230,3960,5088,-1,1967,2546,4546,-1,-1,-1,-1,-1,-1,-1,-1,-1,-1,-1,-1,-1,-1,-1,-1,-1,-1,-1,-1,-1,-1,-1,-1
PqMUZVZCuXsCIHZjb79mOJg3Ypy9cpGLNf9QbgN-RqE.rep,비두로기,,1158,3360,3418,4430,4522,1808,2664,4083,-1,-1,-1,-1,-1,-1,-1,-1,-1,-1,-1,-1,-1,-1,-1,-1,-1,-1,-1,-1,-1,-1,-1,-1
PwYCNpCwq-aPIJklbUNy4ne8U91do0QFdMACD-0mUQw.rep,LargeWOK,,1147,2969,3755,5527,6361,1838,2465,-1,-1,-1,4330,-1,6008,6022,-1,-1,-1,-1,-1,-1,-1,-1,-1,-1,-1,-1,-1,-1,-1,-1,-1,-1
PzFB-VA15xwcqG-BmVKxBYfNdQPxQgKeAFTjzXPli9U.rep,obj,,788,4080,5829,-1,-1,1519,2162,-1,-1,-1,3565,-1,-1,-1,-1,-1,-1,-1,-1,-1,-1,-1,-1,-1,-1,-1,-1,-1,-1,-1,-1,-1
Q7RfUR2zyh4HaYIrU-OT3pjney4FPiL-iKXpUiTAHZs.rep,Hyyr,,1127,3332,5112,6164,-1,1880,4957,-1,-1,-1,2410,-1,-1,-1,-1,-1,-1,-1,-1,-1,-1,-1,-1,-1,-1,-1,-1,-1,-1,-1,-1,-1
Q7RfUR2zyh4HaYIrU-OT3pjney4FPiL-iKXpUiTAHZs.rep,Gandalfin,,1145,1152,1160,2999,3828,1724,2201,-1,-1,-1,6658,-1,-1,-1,-1,-1,-1,5060,-1,-1,-1,-1,6383,-1,-1,-1,-1,-1,-1,-1,-1,-1
QIwOIIR23m-9i2aIvWx-VaFgPC1oO-ITR54B1GBS6wU.rep,LK99 플토,,1226,3633,5317,5353,-1,1802,4676,-1,-1,-1,2300,-1,-1,-1,-1,-1,-1,-1,-1,-1,-1,-1,-1,-1,-1,-1,-1,-1,-1,-1,-1,-1
QIwOIIR23m-9i2aIvWx-VaFgPC1oO-ITR54B1GBS6wU.rep,매너있는사람,,1020,3455,6420,6857,-1,1805,4289,-1,-1,-1,2473,-1,-1,-1,-1,-1,-1,6779,-1,-1,-1,-1,-1,-1,-1,-1,-1,-1,-1,-1,-1,-1
qOIwDquiWTB3OrNDBeaYzZT9u-P1PBHML7un9OAvcIU.rep,EastHampton,,1213,3945,4251,4527,6306,1866,2777,-1,-1,-1,5701,-1,-1,-1,-1,-1,-1,3506,-1,-1,-1,-1,5083,5274,6888,6944,6968,-1,-1,-1,-1,-1
Qrtawd5d2J2me7HwjZtlhCt-Os2LW8EXyVQ_Vw_a6Ok.rep,Gandalfin,,1116,2816,4206,-1,-1,1670,2017,-1,-1,-1,-1,-1,-1,-1,-1,-1,-1,-1,-1,-1,-1,-1,-1,-1,-1,-1,-1,-1,-1,-1,-1,-1
Qrtawd5d2J2me7HwjZtlhCt-Os2LW8EXyVQ_Vw_a6Ok.rep,RAFINHAAA,,1158,3261,-1,-1,-1,1884,2602,-1,-1,-1,4262,-1,-1,-1,-1,-1,-1,-1,-1,-1,-1,-1,-1,-1,-1,-1,-1,-1,-1,-1,-1,-1
QXBxkVAdObLDwmW-yR6vsCYvg7lfY8lyvSLjqDZHisc.rep,매너있는사람,,1048,4462,5640,-1,-1,1860,3345,5446,-1,-1,2369,2686,-1,-1,-1,-1,-1,5363,-1,-1,-1,-1,6111,-1,-1,-1,-1,-1,-1,-1,-1,-1
QXBxkVAdObLDwmW-yR6vsCYvg7lfY8lyvSLjqDZHisc.rep,비두로기,,1385,4491,5184,5309,-1,3192,-1,-1,-1,-1,3266,6711,-1,-1,-1,-1,-1,1960,-1,-1,-1,-1,2658,5703,-1,-1,-1,-1,-1,-1,4369,-1
QYfqmjkuls66t-_c5DXneSXjxcULAQf5mHaYLsU6wwA.rep,EastHampton,,1613,3460,4624,5238,5789,2419,3079,-1,-1,-1,2157,6481,-1,-1,-1,-1,-1,6124,-1,-1,-1,-1,6862,-1,-1,-1,-1,-1,-1,-1,-1,-1
RnG1D_8QMeXoSAJKUY17kuK7BSh4HZ0AYr6hKfz0H78.rep,Memnon,,1200,3060,3092,4692,6638,4353,4430,-1,-1,-1,4936,-1,-1,-1,-1,-1,-1,2252,-1,-1,-1,-1,3449,3474,-1,-1,-1,-1,-1,-1,3987,-1
RQnQ-6Dl2px47mo0zC1SP6ClmEhHDCQT4CPxrtKy7Ac.rep,EastHampton,,1227,2882,3732,5127,6284,1802,2581,-1,-1,-1,3071,-1,5469,-1,-1,-1,-1,4777,-1,-1,-1,-1,5765,6964,-1,-1,-1,-1,-1,-1,-1,-1
rRbWElwGkZ54IEkLQqWwuZxBAw0zU-Y-0xbFfwVdSWk.rep,SpaceDominator,,1311,3513,5402,7099,-1,1929,4600,-1,-1,-1,2178,-1,-1,-1,-1,-1,-1,-1,-1,-1,-1,-1,-1,-1,-1,-1,-1,-1,-1,-1,6928,-1
rRbWElwGkZ54IEkLQqWwuZxBAw0zU-Y-0xbFfwVdSWk.rep,Polarity[BGN],,1177,3447,5089,5959,-1,1891,3977,6882,-1,-1,2393,-1,-1,-1,-1,-1,-1,-1,-1,-1,-1,-1,-1,-1,-1,-1,-1,-1,-1,-1,-1,-1
rRbWElwGkZ54IEkLQqWwuZxBAw0zU-Y-0xbFfwVdSWk.rep,FBS,,1216,3419,5150,6362,-1,2017,4158,-1,-1,-1,2252,-1,-1,-1,-1,-1,-1,-1,-1,-1,-1,-1,-1,-1,-1,-1,-1,-1,-1,-1,-1,-1
RtNtZgHsDAp_AbhH5MCC-qKynSaoNiPJnIrSVqhJ7ww.rep,Death__yell,,1172,1186,3222,3232,3501,1821,2351,6102,-1,-1,4600,-1,-1,-1,-1,-1,-1,-1,-1,-1,-1,-1,-1,-1,-1,-1,-1,-1,-1,-1,-1,-1
S3QF8kefp6nasrod6XLzbtx9Kql9Wn4AnFWV2IWBbH0.rep,C0CAINEBEAR,,1209,2729,4877,-1,-1,1855,2375,6234,6243,6250,3354,-1,-1,-1,-1,-1,-1,6307,-1,-1,-1,-1,7079,7100,-1,-1,-1,-1,-1,-1,-1,-1
S70jloMGt2DpBq_MhHWxg8qRDF4b7iqCZQZyuurjJzw.rep,EastHampton,,1189,3004,4318,6804,-1,1826,2344,-1,-1,-1,3991,-1,-1,-1,-1,-1,-1,4098,-1,-1,-1,-1,5371,6449,-1,-1,-1,-1,-1,-1,-1,-1
SBIB6-I9EaVZMar_YodnbBettjPeAG4X85ML1CYcVr0.rep,J.Robert Oppenheimer,,1144,3262,4386,6112,-1,1963,2587,4699,-1,-1,6625,-1,-1,-1,-1,-1,-1,6759,-1,-1,-1,-1,-1,-1,-1,-1,-1,-1,-1,-1,-1,-1
SBIB6-I9EaVZMar_YodnbBettjPeAG4X85ML1CYcVr0.rep,비두로기,,1193,1226,3344,4734,5972,1773,2450,3123,-1,-1,-1,-1,-1,-1,-1,-1,-1,-1,-1,-1,-1,-1,-1,-1,-1,-1,-1,-1,-1,-1,6865,-1
sIVLynJYLKYJG3vQsEMPCxBwsIgbxdI9DfY25I2QFaM.rep,LK99 플토,,1252,4186,4203,-1,-1,2498,-1,-1,-1,-1,5504,-1,-1,-1,-1,-1,-1,1990,-1,-1,-1,-1,3635,-1,-1,-1,-1,-1,-1,-1,4834,-1
TVPaSqm78IRGgihOdnjJ0esTAqRR9SUkVIYcxI9-e8U.rep,EastHampton,,1224,2299,3263,4037,5906,1880,2802,5519,-1,-1,4290,-1,-1,-1,-1,-1,-1,-1,-1,-1,-1,-1,-1,-1,-1,-1,-1,-1,-1,-1,-1,-1
tzi3VMnI5yXImoeqkvzMBkFsdlpNRan7DzVPn88GdmI.rep,Gandalfin,,1158,3084,3841,6119,6777,1820,1832,2426,2435,4566,-1,-1,-1,-1,-1,-1,-1,-1,-1,-1,-1,-1,-1,-1,-1,-1,-1,-1,-1,-1,-1,-1
tzi3VMnI5yXImoeqkvzMBkFsdlpNRan7DzVPn88GdmI.rep,richieha,,1140,2944,5457,-1,-1,1825,2427,4875,-1,-1,3755,-1,-1,-1,-1,-1,-1,-1,-1,-1,-1,-1,-1,-1,-1,-1,-1,-1,-1,-1,-1,-1
u4_1E8OXe_Cp5JY2XPDqyEgG7mUdnihrio0E_hVE88s.rep,iCe,,1138,2948,3858,6714,-1,1768,2370,-1,-1,-1,-1,-1,-1,-1,-1,-1,-1,4648,-1,-1,-1,-1,5576,5587,5653,6022,6585,-1,-1,-1,-1,-1
UHBpa3VZ8MQCcNcCchRkQaMxwEylVwW9jzvrw5rjzA4.rep,J.Robert Oppenheimer,,1221,2766,5089,5837,-1,1932,2883,6929,-1,-1,4009,-1,-1,-1,-1,-1,-1,3649,-1,-1,-1,-1,6296,-1,-1,-1,-1,-1,-1,-1,-1,-1
UHBpa3VZ8MQCcNcCchRkQaMxwEylVwW9jzvrw5rjzA4.rep,비두로기,,1213,3126,4297,5035,6196,1793,2477,-1,-1,-1,5283,5364,-1,-1,-1,-1,-1,-1,-1,-1,-1,-1,-1,-1,-1,-1,-1,-1,-1,-1,-1,-1
UWAn8wkMrg2KvuQZ9_oFkqhJRcM5543-XOD5DJ15gSg.rep,chessbrah,,1164,3139,3954,4913,5879,1819,2458,-1,-1,-1,5286,-1,-1,-1,-1,-1,-1,4369,-1,-1,-1,-1,-1,-1,-1,-1,-1,-1,-1,-1,-1,-1
UX-zNCYz8q77LMqe7wWIuyaXWh_b2qg5GQUjACgzpLQ.rep,Hyyr,,1212,3398,5600,-1,-1,1971,4261,-1,-1,-1,2840,-1,-1,-1,-1,-1,-1,-1,-1,-1,-1,-1,-1,-1,-1,-1,-1,-1,-1,-1,-1,-1
UX-zNCYz8q77LMqe7wWIuyaXWh_b2qg5GQUjACgzpLQ.rep,Nc[Sanchez],,1155,2447,4118,4624,5283,1789,2207,-1,-1,-1,6380,-1,-1,-1,-1,-1,-1,-1,-1,-1,-1,-1,-1,-1,-1,-1,-1,-1,-1,-1,-1,-1
UX-zNCYz8q77LMqe7wWIuyaXWh_b2qg5GQUjACgzpLQ.rep,Gandalfin,,1224,3121,4712,-1,-1,1834,2185,-1,-1,-1,6400,-1,-1,-1,-1,-1,-1,5790,-1,-1,-1,-1,6777,-1,-1,-1,-1,-1,-1,-1,-1,-1
vg1YbTZWFyLUH3PAyAKVFTYePJc3budRZbW8LboXiu0.rep,Hyyr,,1145,2645,4128,5674,-1,2096,2149,-1,-1,-1,4719,-1,-1,-1,-1,-1,-1,5097,-1,-1,-1,-1,5911,-1,-1,-1,-1,-1,-1,-1,-1,-1
vg1YbTZWFyLUH3PAyAKVFTYePJc3budRZbW8LboXiu0.rep,Gandalfin,,1151,3070,3780,5103,-1,1892,1901,2392,2398,-1,4731,-1,-1,-1,-1,-1,-1,6226,-1,-1,-1,-1,-1,-1,-1,-1,-1,-1,-1,-1,-1,-1
VoSZdV4Y28x_q4j5HbGMk3_bTdMYIDjXyLh45krqW7w.rep,커닝시티도적,,1075,3980,5453,-1,-1,1635,3076,-1,-1,-1,2507,-1,-1,-1,-1,-1,-1,-1,-1,-1,-1,-1,-1,-1,-1,-1,-1,-1,-1,-1,-1,-1
VoSZdV4Y28x_q4j5HbGMk3_bTdMYIDjXyLh45krqW7w.rep,성역의문지기,,1238,3056,5080,6306,6928,1775,4664,-1,-1,-1,2513,-1,-1,-1,-1,-1,-1,6501,-1,-1,-1,-1,-1,-1,-1,-1,-1,-1,-1,-1,-1,-1
vR55WH8NIYKy3y0jUJiObYxcVDulHypOVUwKkWsy6l8.rep,RisedByWolves,,1124,2765,2782,3253,5057,1797,1804,-1,-1,-1,2707,-1,4828,-1,-1,-1,-1,5557,-1,-1,-1,-1,6341,-1,-1,-1,-1,-1,-1,-1,-1,-1
VUgEsqfCJf_mJ-MwzfkvyIA0tT8_cG6xYObdEN-7YEw.rep,J.Robert Oppenheimer,,1190,3523,4365,-1,-1,1840,2560,5343,-1,-1,5650,-1,-1,-1,-1,-1,-1,4722,-1,-1,-1,-1,5709,-1,-1,-1,-1,-1,-1,-1,-1,-1
VUgEsqfCJf_mJ-MwzfkvyIA0tT8_cG6xYObdEN-7YEw.rep,비두로기,,1308,3220,4383,6537,-1,1886,2531,-1,-1,-1,4300,-1,-1,-1,-1,-1,-1,-1,-1,-1,-1,-1,-1,-1,-1,-1,-1,-1,-1,-1,-1,-1
wFeUWGQx7IOKjnvyIQnxn_03mSpStY0BX197Vj3mwNA.rep,Hyyr,,1200,3032,4587,-1,-1,1919,2572,-1,-1,-1,3643,-1,-1,-1,-1,-1,-1,3990,-1,-1,-1,-1,5243,5637,6469,6682,-1,-1,-1,-1,-1,-1
WHNqNXC3HeUzHr8DGos9dGMMAJxZijv8wht8nO5yIzM.rep,Cool With You,,1196,4273,6829,-1,-1,2996,4029,4880,-1,-1,4968,-1,6744,-1,-1,-1,-1,1915,-1,-1,-1,-1,2753,-1,-1,-1,-1,-1,-1,-1,3522,3898
WSET05pL9s8M9eVTOi8W2aXXAAvD8qcLYc1AjymI51E.rep,ETA,,1175,3915,5314,-1,-1,1968,5143,5226,-1,-1,2301,3334,-1,-1,-1,-1,-1,-1,-1,-1,-1,-1,-1,-1,-1,-1,-1,-1,-1,-1,-1,-1
WSET05pL9s8M9eVTOi8W2aXXAAvD8qcLYc1AjymI51E.rep,obj,,941,1081,3909,4729,-1,1667,1747,2249,-1,-1,3097,-1,-1,-1,-1,-1,-1,-1,-1,-1,-1,-1,-1,-1,-1,-1,-1,-1,-1,-1,-1,-1
xKXwjehOz0FnDEH3nC5eJcZbCc15ZYTXI-t6xwcSEBA.rep,Spicy,,1217,3159,4335,7111,-1,1956,2405,-1,-1,-1,3432,6684,-1,-1,-1,-1,-1,-1,-1,-1,-1,-1,-1,-1,-1,-1,-1,-1,-1,-1,-1,-1
xKXwjehOz0FnDEH3nC5eJcZbCc15ZYTXI-t6xwcSEBA.rep,매너있는사람,,1087,4302,6460,6760,-1,1903,2835,-1,-1,-1,2294,6639,-1,-1,-1,-1,-1,4508,-1,-1,-1,-1,5330,7051,-1,-1,-1,-1,-1,-1,-1,-1
xnBony-3DN1DqyhHLzgu5UEcNgGquh2mkfTpvDo06FQ.rep,EastHampton,,1252,3061,3938,4840,4887,1902,2561,-1,-1,-1,4476,-1,-1,-1,-1,-1,-1,4168,-1,-1,-1,-1,5522,5633,6379,6401,6594,-1,-1,-1,-1,-1
xy-s6Av9w7LvvjNx0vx0FPgwrmwtLuaC_RqZokIvUz8.rep,iCe,,1145,2967,3991,6337,6803,1848,2419,6167,-1,-1,3828,-1,-1,-1,-1,-1,-1,6881,-1,-1,-1,-1,-1,-1,-1,-1,-1,-1,-1,-1,-1,-1
xy-s6Av9w7LvvjNx0vx0FPgwrmwtLuaC_RqZokIvUz8.rep,Mafell,,1120,2356,2977,3255,4141,1892,2828,-1,-1,-1,2760,4467,-1,-1,-1,-1,-1,5886,-1,-1,-1,-1,-1,-1,-1,-1,-1,-1,-1,-1,-1,-1
yspzDrSXdaUdWbuxt9-aivPLzrflC4fGVZAfw9eIou8.rep,Spicy,,1218,4359,-1,-1,-1,3851,4992,-1,-1,-1,4951,5084,-1,-1,-1,-1,-1,1953,-1,-1,-1,-1,2942,-1,-1,-1,-1,-1,-1,-1,3754,-1
yspzDrSXdaUdWbuxt9-aivPLzrflC4fGVZAfw9eIou8.rep,obj,,1071,3550,5560,-1,-1,1724,2334,-1,-1,-1,3784,-1,-1,-1,-1,-1,-1,-1,-1,-1,-1,-1,-1,-1,-1,-1,-1,-1,-1,-1,-1,-1
ytcJQcVPUo4JW8Ig43cQEm1qUJ6P6gAorYySf4hcnSo.rep,EastHampton,,1162,3169,4411,4712,5755,1804,2567,-1,-1,-1,5702,-1,-1,-1,-1,-1,-1,5313,-1,-1,-1,-1,6449,6759,7066,-1,-1,-1,-1,-1,-1,-1
YUFkytxDBEePkAqURhPVIQc2_j-yANXDTvlWly4kPqQ.rep,durrrrrrrrr.,,1115,2914,3385,3777,3786,1761,2366,-1,-1,-1,5504,-1,-1,-1,-1,-1,-1,4728,-1,-1,-1,-1,5557,5566,5936,6205,6511,-1,-1,-1,-1,-1
z4-bwsXiV3tIv5HGb3Bsxj15PknSyeM_oaa-HYilDAI.rep,Spicy,,1161,4224,6991,-1,-1,3854,5611,-1,-1,-1,5012,6877,-1,-1,-1,-1,-1,1902,-1,-1,-1,-1,2861,-1,-1,-1,-1,-1,-1,-1,3490,-1
ZIhH835Nc0ZA621-1V-cNtASkQd-A5BBer5kqoJxl04.rep,abudabiiii,,1202,3122,3679,4233,5698,1993,2615,-1,-1,-1,5084,-1,-1,-1,-1,-1,-1,5443,-1,-1,-1,-1,6632,-1,-1,-1,-1,-1,-1,-1,-1,-1
ZIhH835Nc0ZA621-1V-cNtASkQd-A5BBer5kqoJxl04.rep,iCe,,1193,2823,4388,5676,-1,1881,2437,-1,-1,-1,5255,-1,-1,-1,-1,-1,-1,5534,-1,-1,-1,-1,6353,-1,-1,-1,-1,-1,-1,-1,-1,-1
Ztqn5-EHd9SpH4JnROI6-2XQBMc4xivk1nte4jCmlQI.rep,Hyyr,,1167,2971,4661,6737,-1,1846,-1,-1,-1,-1,2218,-1,5095,-1,-1,-1,-1,5223,-1,-1,-1,-1,5941,6268,-1,-1,-1,-1,-1,-1,-1,-1
ZuaqYdIWXoGVzIjwIfQgCQWSAI0w4kGZ3jdA80AE08I.rep,Gandalfin,,1122,1130,3560,5182,-1,1823,4630,-1,-1,-1,2325,-1,-1,-1,-1,-1,-1,5554,-1,-1,-1,-1,7049,7094,-1,-1,-1,-1,-1,-1,-1,-1
ZuaqYdIWXoGVzIjwIfQgCQWSAI0w4kGZ3jdA80AE08I.rep,MrClean,,1146,2801,5264,6158,-1,1728,2252,5984,-1,-1,3040,-1,-1,-1,-1,-1,-1,-1,-1,-1,-1,-1,-1,-1,-1,-1,-1,-1,-1,-1,-1,-1
ZY-iPP_uWidqFoQvG03J9Pd3ESR_WxbWAB8ILNAyTdM.rep,ETA,,1138,1172,3485,4537,6527,1736,3953,-1,-1,-1,2270,-1,-1,-1,-1,-1,-1,-1,-1,-1,-1,-1,-1,-1,-1,-1,-1,-1,-1,-1,-1,-1
ZY-iPP_uWidqFoQvG03J9Pd3ESR_WxbWAB8ILNAyTdM.rep,벌쳐너무약해요,,1270,4566,4592,-1,-1,3163,5831,-1,-1,-1,5128,-1,-1,-1,-1,-1,-1,2159,-1,-1,-1,-1,3041,3384,-1,-1,-1,-1,-1,-1,4275,-1
ZY3_BfJqcePdANSTqEi0VZ_VivqKsIprUp_ggE1Rcz8.rep,morfy,,1145,2357,4886,-1,-1,1886,6216,6634,-1,-1,3008,-1,-1,-1,-1,-1,-1,3224,-1,-1,-1,-1,4066,7119,-1,-1,-1,-1,-1,-1,-1,-1
ZY3_BfJqcePdANSTqEi0VZ_VivqKsIprUp_ggE1Rcz8.rep,FoxSonyFox,,1221,3252,5024,6357,-1,1823,2212,-1,-1,-1,6000,-1,-1,-1,-1,-1,-1,3737,-1,-1,-1,-1,6103,6130,-1,-1,-1,-1,-1,-1,-1,-1
ZY3_BfJqcePdANSTqEi0VZ_VivqKsIprUp_ggE1Rcz8.rep,RisedByWolves,,1166,1175,2588,4961,5783,1788,1795,1802,-1,-1,2157,-1,-1,-1,-1,-1,-1,-1,-1,-1,-1,-1,-1,-1,-1,-1,-1,-1,-1,-1,-1,-1
